match_id,map,game_start,agent,kills,deaths,assists,score,shots_total,hs_percent,kd_ratio,total_engagements,win
83ef374d-d71b-465f-ad1e-3dae655cf2e5,Icebox,2025-08-13T19:54:31.335Z,Chamber,24,18,1,6277,46,32.608695652173914,1.3333333333333333,43,0.0
974f835d-f1aa-49eb-8d4d-df08dec70ba1,Bind,2025-08-13T19:15:13.394Z,Chamber,16,16,1,3744,25,36.0,1.0,33,1.0
05b810fd-d8ba-4f2b-bf35-ef83c3241117,Ascent,2025-08-13T18:00:21.25Z,Reyna,21,16,5,5649,61,27.86885245901639,1.3125,42,1.0
7d2e7812-8a9b-4fe4-bcf5-77b67683be93,Icebox,2025-08-07T20:38:29.558Z,Chamber,18,10,1,4934,28,35.714285714285715,1.8,29,1.0
bd4e0fac-03ad-48e9-b650-88b2477d7650,Sunset,2025-08-07T20:00:39.905Z,Reyna,13,17,4,4109,43,25.581395348837212,0.7647058823529411,34,1.0
4ce1d1fc-6007-4e3f-977e-434be1719220,Ascent,2025-08-07T16:57:45.709Z,Reyna,9,13,2,3004,24,41.66666666666667,0.6923076923076923,24,0.0
2003c73f-a425-4dbb-a622-c55bc7c2c6b3,Sunset,2025-07-17T16:30:37.272Z,Omen,22,12,6,6612,52,40.38461538461539,1.8333333333333333,40,1.0
760bef69-3949-4780-826a-b97704b6a708,Lotus,2025-06-13T21:38:24.754Z,Raze,14,16,5,4169,30,43.333333333333336,0.875,35,0.0
9e146979-6247-44a0-8207-0d17c25ec0b2,Pearl,2025-06-07T22:32:44.934Z,Clove,11,18,8,3719,45,24.444444444444443,0.6111111111111112,37,0.0
0f62c47d-73e6-4672-bbb5-05f29978d0ca,Icebox,2025-06-07T05:07:42.443Z,Reyna,7,15,1,2119,16,25.0,0.4666666666666667,23,0.0
77c4e796-18f2-4e20-a551-55f3c03d51c3,Split,2025-06-07T01:43:22.708Z,Reyna,13,21,7,4637,53,20.754716981132077,0.6190476190476191,41,1.0
6ac245ec-222b-424b-a41b-87402c7dd9f5,Ascent,2025-06-05T21:56:27.948Z,Reyna,21,16,6,6181,58,25.862068965517242,1.3125,43,1.0
7d4940fe-fc06-41ed-9851-f3eeab5de4e0,Haven,2025-06-02T22:37:50.972Z,Chamber,20,13,0,5461,32,34.375,1.5384615384615385,33,1.0
e2b64434-86c3-4bc4-8fb9-6b919aa28ff7,Icebox,2025-06-01T23:11:54.117Z,Chamber,15,19,3,4222,38,23.684210526315788,0.7894736842105263,37,1.0
0a179f15-9221-4c67-910e-77396109ae5f,Split,2025-05-31T19:42:02.979Z,Clove,20,18,6,5929,60,25.0,1.1111111111111112,44,1.0
e53163c5-1ce6-430f-a230-9ac38d45e45d,Pearl,2025-05-29T03:08:04.654Z,Chamber,16,17,2,4264,35,22.857142857142858,0.9411764705882353,35,0.0
a57ad6ca-d27c-43c5-83c9-c4aef2a8e094,Ascent,2025-05-28T22:57:03.618Z,Reyna,20,6,4,5301,50,32.0,3.3333333333333335,30,1.0
7f1b0480-dcb2-44af-9e3b-a2202e3e3e1e,Fracture,2025-01-17T05:12:32.362Z,Chamber,15,10,0,3690,24,25.0,1.5,25,0.0
869bb0e2-c86f-45e8-844a-c753626ae14d,Fracture,2025-01-17T04:35:34.882Z,Jett,26,13,3,6485,43,27.906976744186046,2.0,42,1.0
3285ee05-d1b1-49b6-a362-dedb391a129d,Haven,2025-01-16T06:04:20.769Z,Chamber,16,10,2,4328,31,38.70967741935484,1.6,28,1.0
fa22dbdf-bd1d-4be0-861f-cde700ca1fec,Pearl,2025-01-15T21:29:32.916Z,Jett,16,19,3,4590,45,20.0,0.8421052631578947,38,0.0
e8878969-b563-4919-9378-8289d71477f1,Pearl,2025-01-15T20:13:37.148Z,Jett,12,12,2,3337,39,20.51282051282051,1.0,26,1.0
795c75c8-5a0f-4b37-9cdd-76ada29775fa,Haven,2025-01-13T22:50:18.606Z,Chamber,19,11,2,4829,53,20.754716981132077,1.7272727272727273,32,1.0
20449399-9554-4f59-a91b-320eab7576a1,Bind,2025-01-13T21:50:16.461Z,Reyna,5,12,3,1592,19,15.789473684210526,0.4166666666666667,20,0.0
176a7732-0e08-4f30-886a-b65e967fd929,Bind,2025-01-13T07:14:26.845Z,Reyna,17,12,5,4393,50,18.0,1.4166666666666667,34,1.0
2a8cdd7c-7409-4cd2-98f8-240ee5da479e,Split,2025-01-13T06:43:41.693Z,Cypher,21,13,3,5759,66,22.727272727272727,1.6153846153846154,37,0.0
79986355-5f3e-4cc3-93ec-341eb5cbf350,Fracture,2025-01-13T06:06:22.292Z,Clove,20,19,7,5354,66,15.151515151515152,1.0526315789473684,46,0.0
3d02f275-1998-4675-a807-2ed2b1bd9e8a,Abyss,2025-01-13T05:34:30.29Z,Clove,22,13,3,5627,64,23.4375,1.6923076923076923,38,1.0
9e3dabb0-e23f-42ee-a1fa-d7b69deb1a02,Abyss,2025-01-13T04:37:55.928Z,Clove,18,15,4,4577,58,20.689655172413794,1.2,37,1.0
f2c46072-d8ea-4992-9ac2-5584a2a8500d,Bind,2025-01-12T23:12:10.401Z,Cypher,17,4,3,4213,53,16.9811320754717,4.25,24,1.0
40854bf6-1bee-4883-9579-7d3c7f25ef4d,Split,2025-01-12T22:17:05.005Z,Sage,21,16,5,5283,52,26.923076923076923,1.3125,42,0.0
59735648-d87f-4846-ae8a-6fdb5967fc18,Pearl,2025-01-12T21:40:48.371Z,Fade,10,12,5,3025,40,17.5,0.8333333333333334,27,1.0
dd876bb2-6b16-483e-ac30-ce29d358d497,Lotus,2025-01-12T21:03:50.674Z,Gekko,17,14,12,4644,55,20.0,1.2142857142857142,43,1.0
94b95617-c8f5-42a1-aac6-60274bceb07f,Abyss,2025-01-12T20:37:25.489Z,Clove,13,5,6,3488,41,19.51219512195122,2.6,24,1.0
8a47ad7c-da4c-4179-9121-27ad1a9c00b2,Split,2025-01-12T20:03:19.612Z,Raze,16,18,2,4048,50,26.0,0.8888888888888888,36,0.0
ae59030a-dc11-4e7d-a79e-0aee1ab83062,Abyss,2025-01-12T02:40:43.971Z,Clove,15,19,7,4374,41,24.390243902439025,0.7894736842105263,41,0.0
23765938-238e-45d6-9406-53e03f299290,Haven,2025-01-12T00:21:57.345Z,Chamber,25,18,3,7065,59,25.423728813559322,1.3888888888888888,46,0.0
8a82b7cf-6552-4421-abab-e262006e7a17,Pearl,2025-01-11T23:08:35.343Z,Jett,26,10,3,6577,50,40.0,2.6,39,1.0
172b4858-d2e4-4d4e-9390-695d565be034,Split,2025-01-11T05:51:34.795Z,Reyna,10,15,3,3252,43,11.627906976744185,0.6666666666666666,28,0.0
478a9443-2a33-451e-9729-c7aaa6f594ba,Fracture,2025-01-11T05:12:19.71Z,Reyna,26,14,3,7703,62,27.419354838709676,1.8571428571428572,43,1.0
b0279ba3-2832-4239-9bb4-f7be0fe6dd88,Haven,2025-01-04T22:24:02.389Z,Chamber,10,14,1,3105,36,16.666666666666664,0.7142857142857143,25,0.0
6effbf7f-f6fd-4318-9b44-2a4be914e2a2,Sunset,2025-01-04T21:52:42.722Z,Clove,18,12,9,4939,57,17.543859649122805,1.5,39,1.0
9bbc4827-632e-4eef-8e09-6f005915f8f2,Abyss,2025-01-04T20:37:51.866Z,Reyna,21,17,9,6694,79,18.9873417721519,1.2352941176470589,47,1.0
1294f66c-d1e1-4e87-9181-775cfdc64dbd,Bind,2024-12-31T23:16:07.576Z,Clove,17,18,4,4851,54,25.925925925925924,0.9444444444444444,39,0.0
300da9e3-a6bf-4a4a-aaca-cbb12d969e56,Split,2024-12-31T20:38:04.24Z,Gekko,12,8,2,3284,29,31.03448275862069,1.5,22,0.0
d71ca33a-43a5-4954-8f8b-bf57f030c6c0,Sunset,2024-12-31T20:06:55.002Z,Omen,20,13,6,5626,81,14.814814814814813,1.5384615384615385,39,0.0
c91ca7f0-c7c6-455a-81f2-534a9772fa05,Ascent,2024-12-31T19:28:47.24Z,Clove,8,20,8,3035,47,6.382978723404255,0.4,36,0.0
ce73dfa7-3b0e-4bf1-941e-55fb0acaec68,Split,2024-12-31T18:54:23.953Z,Sage,22,16,3,6183,76,22.36842105263158,1.375,41,0.0
3b87aec9-b432-472c-a019-23da53e17ee2,Ascent,2024-12-30T04:02:07.434Z,Jett,14,4,1,3187,25,12.0,3.5,19,1.0
6a013fe2-8d26-4ac0-81f1-db9abc25ccfc,Pearl,2024-12-30T03:32:18.642Z,Chamber,11,9,3,2889,31,16.129032258064516,1.2222222222222223,23,1.0
69785d46-3a5e-4dc1-9821-b3eb51af3b9e,Haven,2024-12-30T02:53:35.922Z,Chamber,18,17,4,5157,45,24.444444444444443,1.0588235294117647,39,0.0
905e2bcf-9052-42dc-a264-eae6a42cc97e,Pearl,2024-12-29T21:54:23.784Z,Chamber,20,10,2,5483,52,19.230769230769234,2.0,32,1.0
7b3708c6-3f04-495c-9d55-c31dfc2a0e9b,Bind,2024-12-29T21:27:32.611Z,Chamber,9,6,3,2591,26,23.076923076923077,1.5,18,1.0
ba99dccf-cdb7-474b-8c9f-fa2d7a30005e,Sunset,2024-12-29T20:58:37.955Z,Jett,13,10,6,3734,41,31.70731707317073,1.3,29,1.0
78093c91-0d9b-4bd0-b08f-1581b4e79393,Pearl,2024-12-29T20:18:21.798Z,Chamber,9,14,2,2060,27,18.51851851851852,0.6428571428571429,25,0.0
aa235d1f-3068-456a-bdeb-b4c5b9fcc7f3,Abyss,2024-12-29T19:52:56.94Z,Clove,7,11,4,1963,23,21.73913043478261,0.6363636363636364,22,0.0
69bc79c1-a8e0-4cf2-a643-c8facf61a4f5,Ascent,2024-12-29T19:19:00.789Z,Clove,21,11,4,4891,57,15.789473684210526,1.9090909090909092,36,1.0
7d758ea0-3319-4d2b-96a9-9f3f9fb31d81,Abyss,2024-12-29T18:35:23.163Z,Clove,21,19,11,6374,79,16.455696202531644,1.105263157894737,51,0.0
944afb21-97a2-4e36-b9ff-8e2b9c03b66c,Bind,2024-12-29T04:10:23.539Z,Chamber,28,8,1,7132,56,37.5,3.5,37,1.0
55fe2c14-bac2-4dd2-a2e0-7732a7bc9f3d,Split,2024-12-29T01:24:13.655Z,Reyna,19,18,8,4950,58,13.793103448275861,1.0555555555555556,45,0.0
80de1c86-c37d-4ede-9afd-ee05e8d7c74b,Split,2024-12-28T04:08:03.901Z,Reyna,20,14,2,5373,45,37.77777777777778,1.4285714285714286,36,0.0
0276759e-78a0-4cee-bdc9-82f3ad1bceec,Haven,2024-12-28T03:19:25.685Z,Reyna,24,20,6,7281,69,31.88405797101449,1.2,50,1.0
e60e65d5-5946-4528-8cf4-d8900e80ad87,Pearl,2024-12-28T02:01:34.806Z,Chamber,15,16,2,4004,38,23.684210526315788,0.9375,33,0.0
901153c8-7744-441c-9210-7a9169da1610,Sunset,2024-12-28T01:27:47.768Z,Clove,20,13,12,5780,47,40.42553191489361,1.5384615384615385,45,1.0
09395e4c-5992-4aee-8df7-3aeda0910cd4,Sunset,2024-12-27T19:47:18.659Z,Reyna,15,14,3,4249,43,30.23255813953488,1.0714285714285714,32,1.0
35bc5657-f36a-47c4-a1fc-ad683466dbf8,Pearl,2024-12-26T21:32:50.254Z,Chamber,14,12,5,3785,46,17.391304347826086,1.1666666666666667,31,1.0
84e3fbf7-544f-4c98-8782-1ff29ed18c26,Split,2024-12-26T20:56:36.859Z,Reyna,17,16,4,5143,56,21.428571428571427,1.0625,37,0.0
e1d83fcf-955d-4b5d-892e-5fc2193a95e0,Sunset,2024-12-24T19:53:04.987Z,Reyna,15,15,3,4625,52,25.0,1.0,33,1.0
cd64a94a-30e8-45f8-baaf-221574856d59,Pearl,2024-12-24T00:40:49.702Z,Chamber,21,16,4,5999,55,23.636363636363637,1.3125,41,0.0
6b05807e-e6bd-44ec-ae8e-68b420194340,Haven,2024-12-23T22:08:01.133Z,Chamber,21,15,4,6026,55,23.636363636363637,1.4,40,0.0
a3847889-7952-422f-9abc-61e2b744cfaa,Split,2024-12-23T21:33:24.558Z,Reyna,14,17,5,4528,58,17.24137931034483,0.8235294117647058,36,0.0
d74c9879-a400-4097-9b62-94197ca2ab38,Haven,2024-12-23T20:44:49.567Z,Chamber,22,16,6,6363,59,20.33898305084746,1.375,44,1.0
c44510e2-be1f-44ea-a66f-e0520f5e6a66,Bind,2024-12-23T19:27:41.658Z,Chamber,23,8,0,5394,46,32.608695652173914,2.875,31,1.0
e5bba8dc-e6ca-4071-b01e-61bb0445b5de,Abyss,2024-12-22T19:13:14.882Z,Chamber,8,13,1,2214,21,19.047619047619047,0.6153846153846154,22,0.0
3a8e8137-8b95-4efe-826a-39459ce77f1d,Haven,2024-12-22T08:22:42.482Z,Chamber,2,13,1,775,13,0.0,0.15384615384615385,16,0.0
42c0f95d-2ec5-4470-9e46-e696b6101ce3,Ascent,2024-12-22T07:00:19.758Z,Reyna,8,18,5,2885,41,17.073170731707318,0.4444444444444444,31,0.0
067ba20a-13f5-47bb-a29e-a6876db2ccf5,Abyss,2024-12-20T22:07:04.269Z,Chamber,18,14,6,5004,49,24.489795918367346,1.2857142857142858,38,1.0
7074fb2d-21f7-44eb-bbe7-ad41a768889e,Haven,2024-12-19T20:36:22.537Z,Chamber,19,16,3,4870,48,14.583333333333334,1.1875,38,1.0
2aa388fa-9db1-437a-bd5a-93177570f12e,Split,2024-12-19T20:05:17.823Z,Reyna,25,10,3,6754,61,32.78688524590164,2.5,38,1.0
0417a64d-d3d0-4c00-b451-126bf4df71bc,Sunset,2024-12-19T01:48:29.38Z,Reyna,19,16,1,5301,66,19.696969696969695,1.1875,36,0.0
38822c7c-588e-4639-9afe-16583f6a3c28,Ascent,2024-12-18T05:10:42.989Z,Reyna,16,17,2,4150,39,41.02564102564102,0.9411764705882353,35,1.0
21a0226d-931a-414f-9169-b2d365c8717e,Ascent,2024-12-18T03:49:57.394Z,Reyna,2,5,1,638,8,12.5,0.4,8,0.0
93d46bf8-fe15-4b4a-ba15-e4d58e2bc35f,Abyss,2024-12-08T23:05:42.693Z,Reyna,17,17,6,4918,56,17.857142857142858,1.0,40,1.0
0613035e-10ce-42ad-80c8-edeff5d4ce83,Split,2024-12-07T07:31:14.773Z,Reyna,18,15,4,5301,45,35.55555555555556,1.2,37,0.0
53b3e5b3-27ca-4cc2-8789-76ed2b33a7c8,Pearl,2024-12-07T06:02:12.244Z,Chamber,14,7,3,3672,24,33.33333333333333,2.0,24,1.0
3a1f3ec3-bdea-4403-9a3f-b39eec9b7cc9,Sunset,2024-12-04T19:58:31.404Z,Reyna,21,15,2,4984,54,27.77777777777778,1.4,38,0.0
14cc7985-2c6a-4c3c-ad28-34a872d2274b,Ascent,2024-12-03T21:39:19.779Z,Reyna,8,15,3,2498,23,30.434782608695656,0.5333333333333333,26,0.0
b0eb0486-f418-45b7-847a-2ce0251af129,Sunset,2024-12-01T19:29:45.054Z,Jett,12,13,1,3601,33,27.27272727272727,0.9230769230769231,26,0.0
59d111c6-2487-4096-80c2-4f8695598a57,Haven,2024-11-30T23:04:58.25Z,Chamber,23,15,2,6294,46,34.78260869565217,1.5333333333333334,40,0.0
ef644c9d-ebc1-4dab-95a4-8ab0e31a6d13,Split,2024-11-30T20:18:49.659Z,Reyna,12,8,2,3056,30,40.0,1.5,22,1.0
ccd9b2b4-a54e-4b43-8401-cfc6bd5c0064,Split,2024-11-28T00:33:26.072Z,Omen,18,11,5,4503,46,26.08695652173913,1.6363636363636365,34,1.0
30289058-a2f8-4399-b942-c31c54471f49,Bind,2024-11-27T06:06:05.604Z,Reyna,24,20,3,6955,62,30.64516129032258,1.2,47,1.0
8ec21907-62fb-4e3d-90a7-71452de16a28,Haven,2024-11-27T05:04:49.284Z,Jett,18,12,3,5188,42,33.33333333333333,1.5,33,1.0
2e1b55ec-47db-4c24-84e9-ea420ed89574,Split,2024-11-24T22:13:31.96Z,Reyna,23,22,3,6639,71,25.352112676056336,1.0454545454545454,48,1.0
16966aba-e506-4583-9a37-0b880b30cdf3,Bind,2024-11-24T03:57:35.904Z,Raze,16,19,5,5193,88,10.227272727272728,0.8421052631578947,40,1.0
ebb7f963-5cf1-4719-b814-9b3891e1e6d5,Ascent,2024-11-24T03:22:17.33Z,Sova,15,12,4,4252,44,29.545454545454547,1.25,31,1.0
e7f6b52c-d685-4289-863b-57a458376fb2,Ascent,2024-11-16T02:32:16.842Z,Reyna,11,15,0,2992,34,29.411764705882355,0.7333333333333333,26,0.0
5289b888-cf7d-4944-bcb8-b8f918ea73ae,Abyss,2024-11-12T21:23:08.819Z,Reyna,10,7,2,2923,43,11.627906976744185,1.4285714285714286,19,1.0
576839f4-02e4-4171-b535-cda142f65675,Haven,2024-11-12T20:54:21.721Z,Chamber,10,16,1,2709,32,25.0,0.625,27,0.0
7d827344-a22a-4285-bd24-c4fd3738ef94,Sunset,2024-11-09T04:28:41.527Z,Reyna,18,17,7,5633,58,31.03448275862069,1.0588235294117647,42,0.0
a8dc243a-6bf9-4995-add0-2653ce4f1260,Sunset,2024-11-02T16:24:43.969Z,Chamber,16,13,2,4427,44,22.727272727272727,1.2307692307692308,31,1.0
f5487bd4-aee5-4115-a12f-f2d1a1bf2cdd,Split,2024-10-29T22:38:30.464Z,Chamber,10,13,3,3005,30,20.0,0.7692307692307693,26,0.0
cc1520f3-b014-45e2-91de-e57dde964d12,Sunset,2024-10-27T16:59:08.746Z,Reyna,26,20,3,7231,63,31.746031746031743,1.3,49,0.0
fa2ac3b8-29b6-4cf3-8987-fa1695efe5f8,Pearl,2024-10-23T19:58:43.611Z,Chamber,22,19,7,6477,70,22.857142857142858,1.1578947368421053,48,0.0
2edee9c2-8c61-411b-8a50-63c8fbb400f1,Haven,2024-10-12T21:45:58.151Z,Chamber,16,16,11,5128,79,8.860759493670885,1.0,43,1.0
e4e0acfb-0105-4b57-adb0-856e5b6eff7e,Ascent,2024-10-01T20:47:27.559Z,Reyna,22,12,5,6285,71,19.718309859154928,1.8333333333333333,39,1.0
0e3f0391-4c1b-4adc-b6a3-1001c9bbeb26,Bind,2024-09-25T21:26:47.393Z,Chamber,13,13,5,4044,36,36.11111111111111,1.0,31,0.0
ddb8178c-d5eb-4fb6-943a-5f113ee31b54,Abyss,2024-09-21T23:39:08.102Z,Chamber,11,18,8,3455,39,33.33333333333333,0.6111111111111112,37,0.0
90b4f2c1-06d5-46c0-a1c7-4412d69d0448,Bind,2024-09-01T02:32:10.871Z,Chamber,12,19,3,3839,35,17.142857142857142,0.631578947368421,34,0.0
f4d26cd2-6291-49b1-b6c2-2b666154f142,Lotus,2024-08-29T01:33:16.733Z,Chamber,3,14,3,1109,14,28.57142857142857,0.21428571428571427,20,0.0
c3290fec-ecc2-4834-9c52-4b63b74a342a,Icebox,2024-08-29T00:54:31.7Z,Reyna,20,18,0,5410,49,22.448979591836736,1.1111111111111112,38,0.0
0dad79e0-a021-4e4c-b3c4-7b5d5f674400,Sunset,2024-06-29T16:11:04.673Z,Chamber,4,15,2,1834,23,21.73913043478261,0.26666666666666666,21,0.0
875f3b8c-96de-4aa7-93df-5aabb967fbae,Breeze,2024-06-09T16:39:49.112Z,Fade,35,19,4,10446,0,0.0,1.8421052631578947,58,
9108b1f6-29d2-4ded-a3bb-3ba7189fbacf,Sunset,2024-05-22T04:10:13.244Z,Jett,11,16,1,3363,36,27.77777777777778,0.6875,28,0.0
8f27f2ea-87af-4d39-9904-57283d500624,Lotus,2024-05-20T20:44:50.589Z,Jett,13,14,2,3637,35,14.285714285714285,0.9285714285714286,29,1.0
e77217fb-ce9d-4161-bcc5-60a55c87bd1a,Lotus,2024-05-09T23:46:25.432Z,Reyna,25,18,3,6930,75,26.666666666666668,1.3888888888888888,46,1.0
834370ad-e9e2-4cf7-9f6e-65c2248dba69,Icebox,2024-05-09T23:08:39.696Z,Chamber,23,12,1,6018,43,32.55813953488372,1.9166666666666667,36,1.0
9e97a975-7e6c-474b-8978-4d02c1bfdefc,Ascent,2024-05-08T02:58:27.443Z,Chamber,17,17,4,4189,37,13.513513513513514,1.0,38,1.0
ada11afa-f9a0-4693-bdc2-c3208f6da2b5,Breeze,2024-04-28T05:34:19.414Z,Chamber,1,2,0,413,3,33.33333333333333,0.5,3,0.0
ae4f3291-25ca-4a8f-904b-4ccb8b776b38,Sunset,2024-04-28T05:25:21.151Z,Jett,4,4,0,1337,15,33.33333333333333,1.0,8,0.0
6f5a464c-afad-4fe3-a71a-c7fe3c6d5c69,Split,2024-04-16T21:03:59.384Z,Jett,18,17,2,5308,53,22.641509433962266,1.0588235294117647,37,0.0
ec50a28a-1405-4204-a4ae-e215d4a11318,Lotus,2024-04-16T20:31:55.549Z,Chamber,17,11,2,4590,40,22.5,1.5454545454545454,30,1.0
d426a99a-dc45-4f17-9287-0d395b9aa374,Ascent,2024-04-14T22:42:04.487Z,Phoenix,18,10,5,4679,49,14.285714285714285,1.8,33,1.0
f6d88104-852f-47a8-bc24-af390746887d,Split,2024-04-08T00:08:59.782Z,Jett,18,16,0,5088,31,54.83870967741935,1.125,34,1.0
f9928a48-8e6f-45ab-acd6-0a19c840a6ab,Bind,2024-04-07T21:32:44.69Z,Reyna,23,19,1,6250,59,27.11864406779661,1.2105263157894737,43,0.0
ebd27757-c4bf-4df4-ace0-979b5c1da56c,Lotus,2024-04-07T17:41:45.132Z,Chamber,16,8,2,4452,50,20.0,2.0,26,1.0
e5fec9b6-b5f0-465e-9b75-57d202cc65c0,Lotus,2024-04-05T20:04:05.555Z,Chamber,14,9,2,3345,31,22.58064516129032,1.5555555555555556,25,1.0
26d8da14-bfc5-4262-a4b3-b938c7ada907,Split,2024-03-24T01:37:28.268Z,Jett,14,18,5,3933,42,16.666666666666664,0.7777777777777778,37,1.0
b3d54ca5-bb7b-4cab-a75a-7f701c7f5b14,Lotus,2024-03-20T00:07:56.725Z,Jett,10,16,2,3034,21,42.857142857142854,0.625,28,0.0
e188d4c8-d766-414c-8833-d831b8ab44d6,Split,2024-03-14T03:16:49.238Z,Reyna,24,15,5,6752,65,27.692307692307693,1.6,44,1.0
0c9092fa-99ad-4255-af93-de704af0c679,Breeze,2024-03-13T22:40:09.495Z,Chamber,10,11,4,3095,19,15.789473684210526,0.9090909090909091,25,1.0
7b430881-2c03-4ba8-bc51-84947fa62b90,Icebox,2024-03-10T19:35:39.034Z,Chamber,15,9,1,3651,28,32.142857142857146,1.6666666666666667,25,1.0
21b64b02-a96f-4690-864a-5e779af19afe,Lotus,2024-03-08T20:05:01.641Z,Astra,26,32,3,8394,0,0.0,0.8125,61,
a7e59fd2-6652-43f8-82df-35cad8db9075,Bind,2024-02-19T00:18:31.774Z,Breach,23,17,1,6500,0,0.0,1.3529411764705883,41,
5a6c2b3a-3f5c-43d8-87bf-da340d1fc6fc,Icebox,2024-02-18T23:45:29.871Z,Chamber,10,15,3,3288,33,21.21212121212121,0.6666666666666666,28,0.0
f2e4d20d-e852-4b9b-8a2b-0e552e47a228,Sunset,2024-02-10T21:07:41.308Z,Sova,6,16,3,2083,25,24.0,0.375,25,0.0
a4ca3dfd-d0d1-437c-9fd2-31ce1697d7cf,Breeze,2024-02-04T22:27:18.404Z,Chamber,14,16,2,3922,26,23.076923076923077,0.875,32,0.0
da67942c-fa1a-418e-a7ed-1489f636c491,Lotus,2024-02-04T00:28:38.81Z,Chamber,17,16,2,4705,39,30.76923076923077,1.0625,35,0.0
39efdefb-87ee-4b68-8526-bb64d61c2663,Breeze,2024-01-28T08:44:29.922Z,Chamber,24,12,2,6656,45,28.888888888888886,2.0,38,1.0
1c9d57b9-7540-4a51-a148-f225139351c5,Icebox,2024-01-25T00:11:20.381Z,Raze,38,24,5,11426,0,0.0,1.5833333333333333,67,
63b16e20-f7ff-405b-a69d-7881af088d65,Split,2024-01-24T02:28:35.819Z,Skye,20,20,8,5795,66,22.727272727272727,1.0,48,0.0
18eda66a-b526-43fb-96d9-3391d2092ed3,Breeze,2024-01-24T01:50:32.036Z,Sova,15,14,4,4449,29,37.93103448275862,1.0714285714285714,33,0.0
118d0ebc-14e8-46e7-b200-faabb063dd6c,Icebox,2024-01-24T01:14:24.238Z,Chamber,15,14,1,3696,34,20.588235294117645,1.0714285714285714,30,0.0
b71126ec-8654-42a0-8319-0813f400f3c2,Lotus,2024-01-24T00:35:04.302Z,Chamber,14,18,5,4748,47,27.659574468085108,0.7777777777777778,37,0.0
10cc0486-1f6a-40b1-8dba-5a9670ee9114,Split,2024-01-23T23:18:28.776Z,Reyna,27,12,3,7269,61,29.508196721311474,2.25,42,1.0
8cdda33a-8cd4-4e17-8ea1-ed2c2b732983,Lotus,2024-01-23T20:13:12.031Z,Chamber,19,13,2,5039,47,23.404255319148938,1.4615384615384615,34,0.0
c4ca85fd-2ab6-4511-9037-e6b996cf70bf,Ascent,2024-01-23T02:40:57.097Z,Sova,14,10,6,3731,45,20.0,1.4,30,1.0
cfc5e9b9-50cd-43b6-aa04-a4b27a19d230,Ascent,2024-01-23T02:15:42.098Z,Jett,16,11,4,4357,36,38.88888888888889,1.4545454545454546,31,1.0
025383f9-0495-482f-a878-544ff931d9f1,Bind,2024-01-23T01:36:35.8Z,Reyna,15,15,4,4155,41,36.58536585365854,1.0,34,1.0
f6e1e35b-43bf-45bd-ae62-1c3cddcf09cf,Split,2024-01-23T01:10:07.293Z,Skye,16,13,11,3912,36,38.88888888888889,1.2307692307692308,40,1.0
e3468e1b-8aa4-4b90-9942-eaca66c4946e,Lotus,2024-01-23T00:33:17.371Z,Chamber,18,12,2,4977,36,22.22222222222222,1.5,32,1.0
1573e41f-cf74-4627-b267-b4dddf0f67bd,Ascent,2024-01-22T23:50:21.946Z,Raze,0,2,0,0,0,0.0,0.0,2,
5cbcf9b2-dedd-45ac-936e-bc39058acb26,Breeze,2024-01-22T23:02:02.554Z,Chamber,17,17,2,4630,38,21.052631578947366,1.0,36,1.0
147ee0a1-5fc7-4269-b60b-f528e4f4259e,Ascent,2024-01-22T22:22:04.578Z,Reyna,14,15,6,4386,48,29.166666666666668,0.9333333333333333,35,0.0
287c50c4-4433-4b4c-a327-d0d946408270,Icebox,2024-01-22T21:49:29.713Z,Jett,12,18,5,3863,39,33.33333333333333,0.6666666666666666,35,0.0
ee9ec922-eb2b-4135-a88e-997953b5bbd0,Split,2024-01-22T21:39:07.458Z,Reyna,34,21,2,10255,0,0.0,1.619047619047619,57,
8c562bc4-8b12-481b-a934-9d6e633d92a6,Breeze,2024-01-22T21:30:47.631Z,Viper,28,29,5,9077,0,0.0,0.9655172413793104,62,
1fa5534e-4efe-415c-895d-71d0cb244859,Sunset,2024-01-21T02:41:56.135Z,Sova,25,18,2,6573,63,28.57142857142857,1.3888888888888888,45,0.0
61eaf15d-87fd-4604-9e7d-99053dd9831d,Sunset,2024-01-21T01:32:26.938Z,Sova,10,12,2,2994,33,21.21212121212121,0.8333333333333334,24,1.0
38d89004-6948-4500-954d-750c19b4d72a,Split,2024-01-20T22:54:59.577Z,Skye,17,14,5,4503,50,20.0,1.2142857142857142,36,0.0
a538193a-e9e6-4605-abb2-5e31a141013e,Split,2024-01-19T02:46:41.283Z,Astra,32,24,8,10281,0,0.0,1.3333333333333333,64,
f37d4774-82f9-4358-8ce1-ae7de9a57ecf,Breeze,2024-01-18T06:04:05.525Z,Chamber,18,11,1,4825,39,35.8974358974359,1.6363636363636365,30,1.0
3e6e8374-52a2-4144-8997-b4cf662fedc2,Split,2024-01-17T07:03:55.65Z,Reyna,15,15,1,4474,42,28.57142857142857,1.0,31,0.0
b298a881-c662-44b5-a80b-27bcbe3aa645,Sunset,2024-01-17T02:30:28.394Z,Sova,12,13,3,3793,41,21.951219512195124,0.9230769230769231,28,1.0
f9041567-80ea-4aec-87ec-cf47ce2e848b,Breeze,2024-01-14T21:48:02.044Z,Chamber,12,17,6,3733,42,26.190476190476193,0.7058823529411765,35,0.0
61ca9c78-04fd-48e6-b029-de4cc09913e9,Breeze,2024-01-04T01:42:28.373Z,Chamber,30,16,3,8496,63,26.984126984126984,1.875,49,0.0
d714e2cf-1427-4c94-a283-6f6bdbc4a46f,Haven,2023-12-26T07:36:38.174Z,Chamber,25,23,4,7072,63,30.158730158730158,1.0869565217391304,52,0.0
9a42a3b0-1413-40de-980a-0fc7d7d398ce,Breeze,2023-12-26T06:20:11.107Z,Jett,11,20,2,3150,18,44.44444444444444,0.55,33,0.0
15c226b0-d4a2-419c-811d-a6e4a19a9ef8,Breeze,2023-12-26T05:49:21.432Z,Jett,16,11,0,4028,22,22.727272727272727,1.4545454545454546,27,1.0
2fb8a503-3969-453c-b0ae-f12fe9c6deab,Breeze,2023-12-22T07:52:23.592Z,Chamber,11,15,0,3024,25,44.0,0.7333333333333333,26,0.0
6b595f16-04ca-4c39-b194-09bf9bd26ea5,Haven,2023-12-19T00:16:18.604Z,Chamber,19,15,1,4947,36,33.33333333333333,1.2666666666666666,35,0.0
13f9d8e1-e049-4a55-a393-7b2a13e646a3,Lotus,2023-12-17T20:35:03.135Z,Chamber,11,15,1,3246,24,33.33333333333333,0.7333333333333333,27,0.0
d229ca81-1c4c-48af-aeb2-f9b0241774ed,Split,2023-12-16T04:09:39.935Z,Skye,32,15,10,8851,83,28.915662650602407,2.1333333333333333,57,0.0
6db01bf0-7a38-440e-90c3-af7f8b409362,Ascent,2023-11-22T20:09:59.649Z,Brimstone,9,14,5,2616,21,38.095238095238095,0.6428571428571429,28,0.0
0da404a4-8112-4cf4-8c59-c099b8d63d38,Haven,2023-10-21T21:30:11.475Z,Chamber,20,19,5,5761,63,20.634920634920633,1.0526315789473684,44,0.0
fdf73d8d-34e1-4962-a487-78b8a19d9f4c,Split,2023-08-28T04:13:55.964Z,Chamber,21,22,1,5950,54,31.48148148148148,0.9545454545454546,44,0.0
7a5ecd0f-d0be-467f-b85b-c3ce207b2599,Ascent,2023-08-24T16:35:37.784Z,Chamber,19,9,5,5334,46,23.91304347826087,2.111111111111111,33,1.0
c6a412d8-ebc5-454d-b213-86a4eda952d8,Fracture,2023-07-25T19:44:08.82Z,Chamber,18,13,1,4439,48,22.916666666666664,1.3846153846153846,32,0.0
a2716d9a-4e6a-4f84-b7c3-e4c7146507e6,Pearl,2023-07-24T17:51:35.068Z,Jett,24,16,6,6648,50,14.000000000000002,1.5,46,0.0
13827ce2-584f-427e-882a-a6df46752227,Bind,2023-07-24T16:30:10.308Z,Brimstone,19,14,9,5501,51,27.450980392156865,1.3571428571428572,42,1.0
eaee5a38-f6f2-4cf7-98c5-6311b03b1c48,Haven,2023-07-23T05:17:17.407Z,Chamber,17,15,2,4547,41,29.268292682926827,1.1333333333333333,34,0.0
91fc0ccb-ec66-4a83-a03d-c447229a6ec7,Lotus,2023-07-23T04:45:00.277Z,Chamber,19,7,2,5073,42,40.476190476190474,2.7142857142857144,28,1.0
d9a502f5-34cc-4a67-bf0d-6862a16e807e,Bind,2023-07-19T04:02:53.418Z,Jett,10,19,4,2890,36,27.77777777777778,0.5263157894736842,33,1.0
2cd77a09-026c-4942-a057-f95836eda383,Lotus,2023-07-14T19:00:45.039Z,Chamber,18,13,2,4829,41,29.268292682926827,1.3846153846153846,33,1.0
3d7f823d-f3d9-4951-a94a-01d6a983f45c,Haven,2023-07-14T18:27:49.705Z,Chamber,11,15,2,3549,34,32.35294117647059,0.7333333333333333,28,0.0
d33e56aa-ffc7-40c3-b872-5cba3172fb27,Kasbah,2023-07-12T03:28:31.396Z,KAY/O,19,16,5,5488,72,19.444444444444446,1.1875,40,0.0
5e89c899-29dd-4909-994b-075501fd2a06,Fracture,2023-07-10T05:19:47.484Z,Chamber,16,11,3,4615,45,24.444444444444443,1.4545454545454546,30,1.0
da06b28a-58fe-4e07-847c-cab94b80f828,Ascent,2023-07-08T06:52:20.869Z,Chamber,17,14,0,4549,38,36.84210526315789,1.2142857142857142,31,0.0
4260d543-6485-43ea-8b13-0ef047297abe,Fracture,2023-07-05T18:06:51.895Z,Chamber,21,12,1,6018,53,28.30188679245283,1.75,34,1.0
1d028223-a418-4ee6-8bf5-57f154cb9faa,Lotus,2023-06-28T21:00:21.193Z,Reyna,20,9,4,5421,45,42.22222222222222,2.2222222222222223,33,1.0
457cf80c-c082-4d3c-8610-f5a13aa268e3,Fracture,2023-06-16T16:48:40.858Z,Chamber,30,15,1,7981,54,24.074074074074073,2.0,46,0.0
426d1b50-98ce-4764-a9aa-ac6ebb68ff21,Pearl,2023-06-05T16:55:39.087Z,Jett,12,18,3,4003,41,24.390243902439025,0.6666666666666666,33,0.0
a2dddaf1-7e06-4189-91a1-6186e42f7d08,Bind,2023-06-05T16:15:09.407Z,Reyna,19,19,1,5145,51,23.52941176470588,1.0,39,0.0
8febd304-dc89-4a28-b973-7a28e85903e4,Ascent,2023-06-04T16:25:03.601Z,Reyna,24,14,3,6987,72,22.22222222222222,1.7142857142857142,41,1.0
8d0ed239-25a7-44e7-be08-f7c66b2f41d3,Fracture,2023-05-14T03:05:29.792Z,KAY/O,19,7,8,4847,50,22.0,2.7142857142857144,34,1.0
1937b5f3-7ef9-427d-a0d2-5b7f97806f36,Ascent,2023-05-04T00:16:32.008Z,Brimstone,20,14,11,5224,59,22.033898305084744,1.4285714285714286,45,1.0
64ccc96f-4f8e-4cb0-8e41-49ce9ba8461f,Icebox,2023-04-14T21:20:08.23Z,Reyna,16,14,5,4825,55,23.636363636363637,1.1428571428571428,35,0.0
b44127a1-2a8d-4862-b901-16c58c29560b,Icebox,2023-04-08T22:44:36.961Z,Reyna,26,16,2,7396,61,37.704918032786885,1.625,44,0.0
0c9a971b-8e1b-42d0-a435-4be715f7e42a,Lotus,2023-04-05T16:01:40.059Z,KAY/O,19,21,12,5538,50,38.0,0.9047619047619048,52,1.0
a33ea75a-4a9c-468d-93bd-63f677902a67,Fracture,2023-04-05T15:16:25.406Z,Jett,27,16,1,7849,51,29.411764705882355,1.6875,44,1.0
592ac986-373b-4b39-9ba1-2534f660e42f,Lotus,2023-03-22T00:51:06.017Z,Chamber,27,16,1,7230,52,46.15384615384615,1.6875,44,1.0
a79b17cf-f7be-4bce-a7cc-2ebf0d453e5b,Pearl,2023-03-19T22:02:34.875Z,Jett,32,13,2,9043,61,18.0327868852459,2.4615384615384617,47,1.0
8f569150-3d80-4920-8350-62ba4b8432ff,Ascent,2023-03-19T17:38:12.32Z,KAY/O,18,16,9,5643,62,22.58064516129032,1.125,43,0.0
b2ccd190-2a4e-4118-91c9-31e934a5ab56,Pearl,2023-03-19T17:04:55.382Z,Reyna,29,5,5,7713,76,22.36842105263158,5.8,39,1.0
73eb9c8a-41e9-433e-919b-c29be6da0744,Ascent,2023-03-18T20:02:45.966Z,Jett,8,15,4,2937,32,18.75,0.5333333333333333,27,0.0
1a2ded4a-0fe3-4c9a-b886-82bb83f6bd83,Split,2023-03-18T19:23:45.997Z,Reyna,14,14,5,4083,64,14.0625,1.0,33,1.0
c056321e-309d-4ac7-bb75-00cd760b6a21,Lotus,2023-03-18T18:50:49.055Z,Chamber,16,12,2,4309,40,20.0,1.3333333333333333,30,0.0
de9a6198-9280-47b2-b06f-510666db791a,Split,2023-03-18T18:19:51.89Z,Chamber,20,5,1,5435,35,17.142857142857142,4.0,26,1.0
cb030f86-1d1f-42ae-b344-1fb97b89cbea,Lotus,2023-03-11T18:42:52.596Z,Reyna,29,16,2,8409,76,26.31578947368421,1.8125,47,0.0
c1804854-8adf-45fd-94fd-a696a10caeeb,Ascent,2023-03-11T18:02:06.48Z,KAY/O,24,16,5,6847,78,14.102564102564102,1.5,45,0.0
5b9f96bf-dc0e-4c65-ac84-063bbfb277e9,Fracture,2023-03-11T17:32:41.36Z,Reyna,26,7,1,6841,59,25.423728813559322,3.7142857142857144,34,1.0
3c35e183-b2aa-46e6-a626-9b488674b74c,Pearl,2023-03-11T17:02:29.473Z,Jett,11,14,1,3105,17,17.647058823529413,0.7857142857142857,26,0.0
905e30a0-a6af-4bda-a1d0-de1a5bde167c,Split,2023-03-10T22:30:54.396Z,Raze,25,20,4,7226,72,20.833333333333336,1.25,49,0.0
40f9be37-17b3-418a-8106-528d51381ddf,Split,2023-03-10T21:05:55.43Z,Jett,23,13,1,5925,46,15.217391304347828,1.7692307692307692,37,1.0
38b8e42c-3e4e-4e6f-a130-8961a9e8cd4f,Fracture,2023-03-10T02:22:28.549Z,Jett,20,14,1,5139,43,32.55813953488372,1.4285714285714286,35,0.0
e174eb2e-ba03-4559-ae7b-d143d240b267,Lotus,2023-03-10T01:11:14.569Z,Jett,17,12,3,4611,35,20.0,1.4166666666666667,32,1.0
72b4da8d-4d37-42ea-ab65-c00b1edebc4d,Pearl,2023-03-08T22:41:38.84Z,Jett,15,12,6,4253,30,40.0,1.25,33,1.0
feb1bb0f-e795-4af5-a0c2-803b645174f7,Fracture,2023-03-08T01:15:39.827Z,Jett,21,12,1,5447,42,35.714285714285715,1.75,34,1.0
153d2e1e-27bb-41bf-9271-ea0cc5e0c57c,Lotus,2023-03-05T18:24:11.916Z,Chamber,14,13,0,4075,33,18.181818181818183,1.0769230769230769,27,0.0
56138386-0192-40ea-9b29-65ea310d22e0,Lotus,2023-03-05T17:57:25.392Z,Chamber,18,6,2,4601,33,21.21212121212121,3.0,26,1.0
5fcd867f-8bef-442c-8cd2-6a5fa669b1f9,Haven,2023-03-05T15:08:35.386Z,Chamber,17,4,3,4142,36,22.22222222222222,4.25,24,1.0
f9366406-0ed4-4d4f-9122-00d273654f4d,Fracture,2023-03-04T18:07:30.342Z,Chamber,14,13,4,4630,40,30.0,1.0769230769230769,31,0.0
b651842a-11f2-4c08-956c-3ec238e2e26b,Pearl,2023-03-04T03:23:01.04Z,Jett,22,19,4,5801,52,19.230769230769234,1.1578947368421053,45,0.0
1317c503-60f9-465c-b2f3-3170abd70875,Split,2023-03-04T02:40:23.24Z,Neon,13,21,7,4088,44,15.909090909090908,0.6190476190476191,41,0.0
6d0702a5-1fa2-401e-bf0a-4427f23b5266,Icebox,2023-03-04T02:02:47.819Z,Jett,19,11,1,5135,47,25.53191489361702,1.7272727272727273,31,1.0
4e69e9e2-5dd9-4fbd-bddc-25933e5c1c18,Pearl,2023-03-03T21:31:01.337Z,Chamber,9,9,1,2037,23,21.73913043478261,1.0,19,1.0
2c466e10-8b24-4e70-8516-c728510250ce,Pearl,2023-03-03T01:18:51.489Z,Jett,11,13,4,3201,32,25.0,0.8461538461538461,28,0.0
fd6ce492-8960-478d-a90d-cfc6e1cae3df,Icebox,2023-03-02T22:58:23.341Z,Chamber,18,7,1,4535,37,29.72972972972973,2.5714285714285716,26,1.0
882513f2-1ad0-4488-8ec2-a8ea6a683411,Lotus,2023-03-02T22:12:44.395Z,Raze,22,13,5,6161,72,16.666666666666664,1.6923076923076923,40,0.0
85d5448f-a679-4a6c-9b3c-b8b28d838117,Fracture,2023-03-01T22:42:28.842Z,Jett,2,4,0,493,6,33.33333333333333,0.5,6,0.0
574e17a9-8090-4383-b50d-1cb50995d057,Haven,2023-02-28T22:26:39.664Z,Jett,15,10,0,3985,18,33.33333333333333,1.5,25,1.0
e1087384-55b4-4d39-a508-d8f91136c1fe,Ascent,2023-02-28T21:34:28.215Z,Chamber,31,17,3,8671,72,18.055555555555554,1.8235294117647058,51,1.0
df307dd9-b478-43c3-8b97-8fc2fea7ed4a,Haven,2023-02-26T16:31:58.916Z,Jett,3,7,3,1202,12,41.66666666666667,0.42857142857142855,13,0.0
bb32d702-ee80-4cfc-b950-50f4787aac0f,Ascent,2023-02-23T02:39:18.793Z,Reyna,23,17,1,6527,44,52.27272727272727,1.3529411764705883,41,0.0
5a15d269-c814-4b55-a700-7420f38adc2c,Haven,2023-02-22T22:20:41.784Z,Chamber,18,15,3,5193,35,25.71428571428571,1.2,36,0.0
d3492d44-84e2-4330-9c0d-c50ce99e7f4e,Pearl,2023-02-21T21:51:29.232Z,KAY/O,13,19,12,4254,51,17.647058823529413,0.6842105263157895,44,0.0
dcda63ff-321e-4648-9230-c94587377690,Ascent,2023-02-20T03:47:55.838Z,Chamber,22,18,4,6037,54,20.37037037037037,1.2222222222222223,44,1.0
624301a0-504a-4569-9bb0-d0a8c0192b78,Haven,2023-02-16T20:31:29.668Z,Breach,37,28,7,11340,0,0.0,1.3214285714285714,72,
08fcf07f-25b8-4a39-abc5-98e826e219b8,Fracture,2023-02-13T02:18:39.633Z,Reyna,28,17,3,8183,70,28.57142857142857,1.6470588235294117,48,1.0
b55a54e3-c72f-49dd-b87b-3dd0d257941f,Split,2023-02-06T01:43:23.835Z,KAY/O,18,12,6,5058,81,13.580246913580247,1.5,36,1.0
3ae91608-55fb-4ca3-9c7a-9bc750541494,Pearl,2023-01-28T02:41:44.808Z,Jett,23,7,0,5672,39,23.076923076923077,3.2857142857142856,30,1.0
a8aafd44-7aa3-4159-ac58-fb3c8dc90ff2,Haven,2023-01-15T13:18:17.405Z,Reyna,30,17,4,7779,82,25.609756097560975,1.7647058823529411,51,0.0
204b5061-1760-4cfd-87fd-0d8110c64f52,Bind,2022-11-25T04:53:07.725Z,Chamber,3,13,1,1081,8,37.5,0.23076923076923078,17,0.0
22217a63-f1d6-4aca-82bc-41cb1d28ca97,Ascent,2022-11-25T03:54:40.973Z,Reyna,12,15,6,3833,43,16.27906976744186,0.8,33,0.0
eadfc1a0-7a0b-4775-9b9e-dc3c3d44e95a,Pearl,2022-11-07T20:18:54.1Z,Chamber,28,16,0,7563,67,17.91044776119403,1.75,44,1.0
bda19e07-1d4b-40f2-bf4a-3886a2d8242b,Breeze,2022-10-26T20:21:33.815Z,Chamber,15,13,4,4567,48,18.75,1.1538461538461537,32,1.0
75990ebf-84f9-43b8-a358-9c8e5b291a9f,Fracture,2022-10-26T19:45:39.25Z,Chamber,25,16,1,6507,50,32.0,1.5625,42,0.0
3e413238-9fec-45a1-adfc-faff5b6d5ff0,Icebox,2022-10-24T21:59:31.753Z,Chamber,25,11,1,6839,63,23.809523809523807,2.272727272727273,37,1.0
a71fec5e-6bac-4610-a4eb-29bc8f9e3c1a,Haven,2022-08-15T22:01:25.914Z,Raze,13,24,3,3892,0,0.0,0.5416666666666666,40,
42c66ecb-f350-4212-8bec-2c2954d2a017,Haven,2022-07-23T00:52:31.006Z,Chamber,17,16,1,4933,39,28.205128205128204,1.0625,34,0.0
b09ffa1a-c0e2-4cc4-8d0c-82bd3e532ce1,Ascent,2022-07-18T19:01:54.757Z,Fade,24,16,8,6851,84,16.666666666666664,1.5,48,1.0
362729e2-4096-4b6c-96eb-3121260c1d5b,Icebox,2022-06-29T21:41:43.887Z,Chamber,16,9,3,4207,47,14.893617021276595,1.7777777777777777,28,1.0
2f42a78f-c883-44d4-8130-fe7002570cbf,Fracture,2022-06-28T20:07:38.89Z,Chamber,36,18,4,9951,82,14.634146341463413,2.0,58,1.0
84e337fb-e7fa-4e45-b89f-9adf97c897ab,Icebox,2022-06-19T19:23:08.904Z,Viper,3,7,5,918,7,42.857142857142854,0.42857142857142855,15,1.0
511cbc32-c8e4-4447-a11c-dfeb7c530bbe,Haven,2022-05-21T13:47:27.697Z,Chamber,18,17,5,5500,66,15.151515151515152,1.0588235294117647,40,1.0
df5ccf43-8be1-4f4a-8949-f69389af4b72,Breeze,2022-05-07T15:13:58.369Z,Chamber,13,18,5,3146,35,22.857142857142858,0.7222222222222222,36,1.0
49acbf79-4137-42a5-8bae-ccfbc9b54e17,Fracture,2022-05-07T13:56:34.665Z,Sova,8,11,1,2344,35,17.142857142857142,0.7272727272727273,20,1.0
